Date,Open,High,Low,Close,Volume,Dividends,Stock Splits,stock_name
2023-12-19 00:00:00+00:00,2218.240966796875,2253.348876953125,2139.723388671875,2177.87255859375,10619179629,0.0,0.0,ETH-USD
2023-12-20 00:00:00+00:00,2177.239501953125,2263.3291015625,2161.21875,2201.911376953125,12652290807,0.0,0.0,ETH-USD
2023-12-21 00:00:00+00:00,2201.7900390625,2278.12158203125,2184.856689453125,2239.54248046875,12616530536,0.0,0.0,ETH-USD
2023-12-22 00:00:00+00:00,2239.59814453125,2341.947509765625,2233.53271484375,2326.52490234375,16137246310,0.0,0.0,ETH-USD
2023-12-23 00:00:00+00:00,2326.7158203125,2332.072021484375,2270.428955078125,2309.04638671875,7995772945,0.0,0.0,ETH-USD
2023-12-24 00:00:00+00:00,2309.626708984375,2325.705078125,2249.984375,2265.692138671875,9450799236,0.0,0.0,ETH-USD
2023-12-25 00:00:00+00:00,2265.340576171875,2303.551025390625,2254.574462890625,2272.561767578125,8036302656,0.0,0.0,ETH-USD
2023-12-26 00:00:00+00:00,2272.21875,2274.557373046875,2180.225341796875,2231.46533203125,10668581464,0.0,0.0,ETH-USD
2023-12-27 00:00:00+00:00,2231.39306640625,2392.608642578125,2215.140380859375,2378.739990234375,14161342927,0.0,0.0,ETH-USD
2023-12-28 00:00:00+00:00,2380.20068359375,2445.017578125,2338.703857421875,2347.566162109375,15660799060,0.0,0.0,ETH-USD
2023-12-29 00:00:00+00:00,2346.84375,2386.004638671875,2262.975830078125,2300.690673828125,12536968996,0.0,0.0,ETH-USD
2023-12-30 00:00:00+00:00,2300.399658203125,2322.021484375,2270.011962890625,2292.0654296875,6888195427,0.0,0.0,ETH-USD
2023-12-31 00:00:00+00:00,2291.9453125,2318.512939453125,2261.394287109375,2281.47119140625,6871481744,0.0,0.0,ETH-USD
2024-01-01 00:00:00+00:00,2282.870361328125,2352.327880859375,2267.01806640625,2352.327880859375,6906765990,0.0,0.0,ETH-USD
2024-01-02 00:00:00+00:00,2352.593505859375,2431.21240234375,2348.892333984375,2355.83642578125,12910543630,0.0,0.0,ETH-USD
2024-01-03 00:00:00+00:00,2355.9814453125,2385.11767578125,2113.92529296875,2210.761962890625,19332933581,0.0,0.0,ETH-USD
2024-01-04 00:00:00+00:00,2210.529052734375,2294.608154296875,2204.86572265625,2269.0380859375,11044564896,0.0,0.0,ETH-USD
2024-01-05 00:00:00+00:00,2269.409423828125,2276.7646484375,2209.537109375,2268.647216796875,10860953290,0.0,0.0,ETH-USD
2024-01-06 00:00:00+00:00,2269.5400390625,2271.359375,2219.781982421875,2241.624755859375,5970741680,0.0,0.0,ETH-USD
2024-01-07 00:00:00+00:00,2242.0126953125,2257.1279296875,2211.5625,2222.865966796875,6490053615,0.0,0.0,ETH-USD
2024-01-08 00:00:00+00:00,2222.857666015625,2358.815673828125,2171.99365234375,2333.03271484375,13830287095,0.0,0.0,ETH-USD
2024-01-09 00:00:00+00:00,2332.8681640625,2369.6416015625,2243.21923828125,2344.8271484375,14891130716,0.0,0.0,ETH-USD
2024-01-10 00:00:00+00:00,2344.923583984375,2626.976806640625,2341.943115234375,2582.103515625,29042100476,0.0,0.0,ETH-USD
2024-01-11 00:00:00+00:00,2584.171630859375,2687.779052734375,2567.99365234375,2619.619140625,22575246883,0.0,0.0,ETH-USD
2024-01-12 00:00:00+00:00,2619.177001953125,2710.421875,2460.925537109375,2524.460205078125,23623839263,0.0,0.0,ETH-USD
2024-01-13 00:00:00+00:00,2522.933837890625,2589.079833984375,2498.594482421875,2576.597900390625,12250316867,0.0,0.0,ETH-USD
2024-01-14 00:00:00+00:00,2578.003662109375,2578.332275390625,2470.42431640625,2472.2412109375,9405587417,0.0,0.0,ETH-USD
2024-01-15 00:00:00+00:00,2471.6669921875,2550.76904296875,2470.82080078125,2511.36376953125,9700630000,0.0,0.0,ETH-USD
2024-01-16 00:00:00+00:00,2510.627197265625,2613.56689453125,2500.00390625,2587.691162109375,11063317095,0.0,0.0,ETH-USD
2024-01-17 00:00:00+00:00,2587.044677734375,2592.737060546875,2508.432861328125,2528.369384765625,10441017520,0.0,0.0,ETH-USD
2024-01-18 00:00:00+00:00,2528.59326171875,2546.263916015625,2426.135498046875,2467.018798828125,11900028080,0.0,0.0,ETH-USD
2024-01-19 00:00:00+00:00,2468.68896484375,2501.30517578125,2414.7109375,2489.49853515625,11405278376,0.0,0.0,ETH-USD
2024-01-20 00:00:00+00:00,2489.84765625,2489.84765625,2456.095703125,2469.589111328125,5297826161,0.0,0.0,ETH-USD
2024-01-21 00:00:00+00:00,2469.798583984375,2479.760498046875,2452.377685546875,2453.9130859375,4578471955,0.0,0.0,ETH-USD
2024-01-22 00:00:00+00:00,2454.9873046875,2463.447265625,2303.502685546875,2310.826416015625,13923771728,0.0,0.0,ETH-USD
2024-01-23 00:00:00+00:00,2310.95166015625,2348.03125,2167.282470703125,2240.68603515625,16182147521,0.0,0.0,ETH-USD
2024-01-24 00:00:00+00:00,2241.749755859375,2261.384521484375,2197.65673828125,2233.561767578125,10134722960,0.0,0.0,ETH-USD
2024-01-25 00:00:00+00:00,2233.969970703125,2240.380859375,2173.6865234375,2217.710205078125,9302247037,0.0,0.0,ETH-USD
2024-01-26 00:00:00+00:00,2217.44189453125,2280.3837890625,2196.14013671875,2267.19970703125,9975117607,0.0,0.0,ETH-USD
2024-01-27 00:00:00+00:00,2267.3193359375,2282.54443359375,2252.38525390625,2267.885986328125,5144367230,0.0,0.0,ETH-USD
2024-01-28 00:00:00+00:00,2268.19287109375,2306.898681640625,2242.683837890625,2257.208740234375,7296214994,0.0,0.0,ETH-USD
2024-01-29 00:00:00+00:00,2256.995361328125,2320.02734375,2237.711669921875,2317.064208984375,8948195551,0.0,0.0,ETH-USD
2024-01-30 00:00:00+00:00,2317.435791015625,2388.87060546875,2298.281982421875,2344.49365234375,10173440062,0.0,0.0,ETH-USD
2024-01-31 00:00:00+00:00,2343.558837890625,2349.611328125,2264.443603515625,2282.54443359375,10807883277,0.0,0.0,ETH-USD
2024-02-01 00:00:00+00:00,2282.17529296875,2309.842529296875,2243.57177734375,2303.82470703125,8895583113,0.0,0.0,ETH-USD
2024-02-02 00:00:00+00:00,2303.7060546875,2323.053466796875,2282.230224609375,2308.0380859375,7186143091,0.0,0.0,ETH-USD
2024-02-03 00:00:00+00:00,2307.980224609375,2327.346923828125,2293.5380859375,2296.038330078125,4647754021,0.0,0.0,ETH-USD
2024-02-04 00:00:00+00:00,2296.116943359375,2309.01123046875,2272.304931640625,2289.546142578125,5438100035,0.0,0.0,ETH-USD
2024-02-05 00:00:00+00:00,2289.20556640625,2334.6767578125,2270.06787109375,2298.888916015625,7277068110,0.0,0.0,ETH-USD
2024-02-06 00:00:00+00:00,2298.955078125,2389.826171875,2296.78857421875,2372.201904296875,9520885493,0.0,0.0,ETH-USD
2024-02-07 00:00:00+00:00,2372.2626953125,2442.63623046875,2353.7060546875,2423.7451171875,9660628536,0.0,0.0,ETH-USD
2024-02-08 00:00:00+00:00,2424.080078125,2459.556640625,2414.74951171875,2419.906494140625,9941841732,0.0,0.0,ETH-USD
2024-02-09 00:00:00+00:00,2419.773681640625,2522.724609375,2419.36279296875,2487.515625,13634203177,0.0,0.0,ETH-USD
2024-02-10 00:00:00+00:00,2487.650390625,2516.7197265625,2475.857666015625,2501.228271484375,6474444159,0.0,0.0,ETH-USD
2024-02-11 00:00:00+00:00,2501.1298828125,2537.67919921875,2495.21435546875,2507.570556640625,7347245813,0.0,0.0,ETH-USD
2024-02-12 00:00:00+00:00,2507.578857421875,2663.8427734375,2473.81201171875,2658.115966796875,13022696866,0.0,0.0,ETH-USD
2024-02-13 00:00:00+00:00,2659.586181640625,2686.455078125,2599.16943359375,2642.185302734375,18271237044,0.0,0.0,ETH-USD
2024-02-14 00:00:00+00:00,2641.685302734375,2786.8935546875,2621.025390625,2777.90234375,21448973822,0.0,0.0,ETH-USD
2024-02-15 00:00:00+00:00,2777.601318359375,2865.845458984375,2764.010498046875,2824.37890625,23734481937,0.0,0.0,ETH-USD
2024-02-16 00:00:00+00:00,2825.480712890625,2858.450439453125,2760.3310546875,2803.69140625,17057114638,0.0,0.0,ETH-USD
2024-02-17 00:00:00+00:00,2803.73583984375,2805.128662109375,2724.386962890625,2786.672607421875,17932379943,0.0,0.0,ETH-USD
2024-02-18 00:00:00+00:00,2786.709716796875,2892.843505859375,2767.9130859375,2878.998046875,23355830478,0.0,0.0,ETH-USD
2024-02-19 00:00:00+00:00,2881.296875,2983.37060546875,2860.263671875,2943.57470703125,15163110589,0.0,0.0,ETH-USD
2024-02-20 00:00:00+00:00,2944.1064453125,3031.5244140625,2879.9033203125,3013.503662109375,20341598470,0.0,0.0,ETH-USD
2024-02-21 00:00:00+00:00,3015.6533203125,3017.1904296875,2875.41845703125,2970.35546875,18897136867,0.0,0.0,ETH-USD
2024-02-22 00:00:00+00:00,2969.599853515625,3030.666015625,2907.109375,2971.00732421875,18058908246,0.0,0.0,ETH-USD
2024-02-23 00:00:00+00:00,2970.1396484375,2991.32958984375,2906.583740234375,2921.658203125,12822717059,0.0,0.0,ETH-USD
2024-02-24 00:00:00+00:00,2921.962890625,3003.195068359375,2907.70068359375,2992.385986328125,10701688842,0.0,0.0,ETH-USD
2024-02-25 00:00:00+00:00,2992.36669921875,3117.428955078125,2984.39306640625,3112.697265625,14620450464,0.0,0.0,ETH-USD
2024-02-26 00:00:00+00:00,3112.529052734375,3197.375,3037.95458984375,3178.99365234375,17504464351,0.0,0.0,ETH-USD
2024-02-27 00:00:00+00:00,3178.405029296875,3287.9580078125,3167.83056640625,3244.519287109375,21090315368,0.0,0.0,ETH-USD
2024-02-28 00:00:00+00:00,3243.893310546875,3485.450927734375,3201.575927734375,3385.703857421875,32885894265,0.0,0.0,ETH-USD
2024-02-29 00:00:00+00:00,3386.802734375,3518.96923828125,3303.9052734375,3341.919677734375,28469171094,0.0,0.0,ETH-USD
2024-03-01 00:00:00+00:00,3341.9658203125,3452.626220703125,3341.85107421875,3435.053955078125,16880101987,0.0,0.0,ETH-USD
2024-03-02 00:00:00+00:00,3436.1591796875,3459.747314453125,3398.89892578125,3422.0498046875,12024340617,0.0,0.0,ETH-USD
2024-03-03 00:00:00+00:00,3422.875244140625,3491.16845703125,3372.214111328125,3490.99365234375,13643324467,0.0,0.0,ETH-USD
2024-03-04 00:00:00+00:00,3489.340087890625,3641.459228515625,3446.017578125,3630.433837890625,26772963830,0.0,0.0,ETH-USD
2024-03-05 00:00:00+00:00,3631.928955078125,3828.15966796875,3224.119384765625,3554.964599609375,47706899137,0.0,0.0,ETH-USD
2024-03-06 00:00:00+00:00,3554.06787109375,3901.434326171875,3502.802490234375,3819.226318359375,34938642613,0.0,0.0,ETH-USD
2024-03-07 00:00:00+00:00,3818.31103515625,3939.593994140625,3738.685302734375,3874.34765625,22457177587,0.0,0.0,ETH-USD
2024-03-08 00:00:00+00:00,3874.830810546875,3998.826416015625,3828.36328125,3892.06103515625,26135487051,0.0,0.0,ETH-USD
2024-03-09 00:00:00+00:00,3892.119140625,3950.396484375,3880.658935546875,3915.4189453125,11926623780,0.0,0.0,ETH-USD
2024-03-10 00:00:00+00:00,3915.590576171875,3968.7236328125,3800.564453125,3881.193115234375,15783924355,0.0,0.0,ETH-USD
2024-03-11 00:00:00+00:00,3881.23779296875,4087.050048828125,3745.125244140625,4066.445068359375,28806262507,0.0,0.0,ETH-USD
2024-03-12 00:00:00+00:00,4066.6904296875,4092.2841796875,3831.889892578125,3980.273193359375,26917010932,0.0,0.0,ETH-USD
2024-03-13 00:00:00+00:00,3980.26513671875,4083.00732421875,3936.627197265625,4006.45703125,22028114691,0.0,0.0,ETH-USD
2024-03-14 00:00:00+00:00,4005.7451171875,4011.102783203125,3721.78857421875,3883.140380859375,25434810823,0.0,0.0,ETH-USD
2024-03-15 00:00:00+00:00,3882.85693359375,3928.775634765625,3571.774658203125,3735.22021484375,33505075433,0.0,0.0,ETH-USD
2024-03-16 00:00:00+00:00,3736.10498046875,3780.89453125,3468.079345703125,3522.860107421875,20199855932,0.0,0.0,ETH-USD
2024-03-17 00:00:00+00:00,3523.02978515625,3676.263427734375,3414.17236328125,3642.4130859375,19938757095,0.0,0.0,ETH-USD
2024-03-18 00:00:00+00:00,3642.298828125,3642.4970703125,3456.09130859375,3517.985107421875,21162220224,0.0,0.0,ETH-USD
2024-03-19 00:00:00+00:00,3518.34765625,3546.582275390625,3149.286865234375,3157.6181640625,34166976701,0.0,0.0,ETH-USD
2024-03-20 00:00:00+00:00,3158.396728515625,3534.826416015625,3059.65478515625,3513.39306640625,36605316331,0.0,0.0,ETH-USD
2024-03-21 00:00:00+00:00,3514.017578125,3586.905029296875,3412.22265625,3492.9912109375,22213647922,0.0,0.0,ETH-USD
2024-03-22 00:00:00+00:00,3492.89794921875,3541.898193359375,3254.96923828125,3333.68798828125,20574952329,0.0,0.0,ETH-USD
2024-03-23 00:00:00+00:00,3335.592529296875,3433.758056640625,3273.115478515625,3336.593994140625,13242137554,0.0,0.0,ETH-USD
2024-03-24 00:00:00+00:00,3336.666015625,3470.344482421875,3301.27734375,3454.636474609375,12156660941,0.0,0.0,ETH-USD
2024-03-25 00:00:00+00:00,3454.8857421875,3657.118896484375,3421.79052734375,3590.8837890625,18603921705,0.0,0.0,ETH-USD
2024-03-26 00:00:00+00:00,3591.085205078125,3678.789794921875,3545.4287109375,3587.5048828125,18505553577,0.0,0.0,ETH-USD
2024-03-27 00:00:00+00:00,3587.313720703125,3664.383056640625,3460.3935546875,3500.115234375,18753082145,0.0,0.0,ETH-USD
2024-03-28 00:00:00+00:00,3500.216064453125,3609.705322265625,3465.332275390625,3561.2939453125,16419674157,0.0,0.0,ETH-USD
2024-03-29 00:00:00+00:00,3561.01171875,3583.701416015625,3475.7255859375,3511.80615234375,12712701619,0.0,0.0,ETH-USD
2024-03-30 00:00:00+00:00,3511.82763671875,3566.08447265625,3489.902099609375,3507.9443359375,9389066783,0.0,0.0,ETH-USD
2024-03-31 00:00:00+00:00,3507.95166015625,3655.218994140625,3507.24267578125,3647.8564453125,10499881424,0.0,0.0,ETH-USD
2024-04-01 00:00:00+00:00,3647.819580078125,3648.129150390625,3418.6953125,3505.030029296875,16002098681,0.0,0.0,ETH-USD
2024-04-02 00:00:00+00:00,3504.818359375,3506.962890625,3215.985107421875,3277.234619140625,22076539151,0.0,0.0,ETH-USD
2024-04-03 00:00:00+00:00,3277.32421875,3368.111572265625,3205.649169921875,3311.44189453125,16010734587,0.0,0.0,ETH-USD
2024-04-04 00:00:00+00:00,3311.495361328125,3443.20751953125,3253.3193359375,3330.04052734375,14476330517,0.0,0.0,ETH-USD
2024-04-05 00:00:00+00:00,3330.005859375,3345.66650390625,3214.244140625,3318.88525390625,15214447092,0.0,0.0,ETH-USD
2024-04-06 00:00:00+00:00,3318.86474609375,3397.592529296875,3308.9833984375,3354.183837890625,8956926798,0.0,0.0,ETH-USD
2024-04-07 00:00:00+00:00,3354.2138671875,3458.50830078125,3346.11474609375,3453.49462890625,9931108526,0.0,0.0,ETH-USD
2024-04-08 00:00:00+00:00,3453.498779296875,3727.616455078125,3409.51171875,3695.292724609375,19055143129,0.0,0.0,ETH-USD
2024-04-09 00:00:00+00:00,3695.341796875,3724.92236328125,3455.107666015625,3505.163330078125,18279773833,0.0,0.0,ETH-USD
2024-04-10 00:00:00+00:00,3505.156005859375,3561.516357421875,3415.180419921875,3543.737060546875,16872482726,0.0,0.0,ETH-USD
2024-04-11 00:00:00+00:00,3543.4521484375,3616.1943359375,3477.171142578125,3505.247802734375,14076734489,0.0,0.0,ETH-USD
2024-04-12 00:00:00+00:00,3505.329833984375,3552.589111328125,3103.43017578125,3243.034912109375,22104869556,0.0,0.0,ETH-USD
2024-04-13 00:00:00+00:00,3242.94091796875,3299.663818359375,2862.3935546875,3004.900390625,29930408174,0.0,0.0,ETH-USD
2024-04-14 00:00:00+00:00,3005.547607421875,3174.66650390625,2914.4228515625,3156.94189453125,25486284994,0.0,0.0,ETH-USD
2024-04-15 00:00:00+00:00,3156.830078125,3277.5615234375,3026.538818359375,3101.600341796875,21925843181,0.0,0.0,ETH-USD
2024-04-16 00:00:00+00:00,3101.140625,3127.160888671875,2997.754638671875,3084.920166015625,19441391169,0.0,0.0,ETH-USD
2024-04-17 00:00:00+00:00,3084.923583984375,3123.669677734375,2918.5537109375,2984.7275390625,17711869375,0.0,0.0,ETH-USD
2024-04-18 00:00:00+00:00,2984.705322265625,3094.842041015625,2956.12744140625,3066.027587890625,15183777035,0.0,0.0,ETH-USD
2024-04-19 00:00:00+00:00,3065.953125,3127.114990234375,2868.7958984375,3059.278564453125,20399982867,0.0,0.0,ETH-USD
2024-04-20 00:00:00+00:00,3059.47802734375,3170.6728515625,3021.784912109375,3157.627197265625,9918642130,0.0,0.0,ETH-USD
2024-04-21 00:00:00+00:00,3157.571044921875,3197.50634765625,3119.552001953125,3147.28857421875,9394387894,0.0,0.0,ETH-USD
2024-04-22 00:00:00+00:00,3147.66357421875,3236.6591796875,3131.367431640625,3201.652099609375,12063858733,0.0,0.0,ETH-USD
2024-04-23 00:00:00+00:00,3201.588623046875,3264.41943359375,3154.58984375,3219.91162109375,11054442653,0.0,0.0,ETH-USD
2024-04-24 00:00:00+00:00,3219.95703125,3292.921630859375,3105.982177734375,3139.80517578125,14000234760,0.0,0.0,ETH-USD
2024-04-25 00:00:00+00:00,3139.624267578125,3190.976318359375,3074.8046875,3156.509521484375,13989030260,0.0,0.0,ETH-USD
2024-04-26 00:00:00+00:00,3156.384033203125,3166.188720703125,3103.10400390625,3130.164794921875,10622333862,0.0,0.0,ETH-USD
2024-04-27 00:00:00+00:00,3129.72705078125,3279.451171875,3071.340087890625,3252.168212890625,11820785577,0.0,0.0,ETH-USD
2024-04-28 00:00:00+00:00,3252.24560546875,3351.176513671875,3249.149169921875,3262.774658203125,11379192678,0.0,0.0,ETH-USD
2024-04-29 00:00:00+00:00,3262.3408203125,3285.46875,3116.199951171875,3215.428955078125,15032246816,0.0,0.0,ETH-USD
2024-04-30 00:00:00+00:00,3215.381103515625,3249.37841796875,2918.228759765625,3012.286865234375,18266894653,0.0,0.0,ETH-USD
2024-05-01 00:00:00+00:00,3011.015625,3020.17333984375,2815.92333984375,2969.78466796875,20005057445,0.0,0.0,ETH-USD
2024-05-02 00:00:00+00:00,2969.79443359375,3015.05029296875,2894.329833984375,2988.16845703125,13163903903,0.0,0.0,ETH-USD
2024-05-03 00:00:00+00:00,2988.134521484375,3127.1552734375,2960.18212890625,3103.5419921875,12862183229,0.0,0.0,ETH-USD
2024-05-04 00:00:00+00:00,3103.61962890625,3167.541259765625,3096.267578125,3117.576416015625,8283229638,0.0,0.0,ETH-USD
2024-05-05 00:00:00+00:00,3117.636962890625,3170.05517578125,3075.586181640625,3137.2490234375,8783447639,0.0,0.0,ETH-USD
2024-05-06 00:00:00+00:00,3137.51025390625,3220.15234375,3048.238525390625,3062.728759765625,13008587255,0.0,0.0,ETH-USD
2024-05-07 00:00:00+00:00,3062.7509765625,3129.081298828125,3003.013671875,3006.5771484375,11743187337,0.0,0.0,ETH-USD
2024-05-08 00:00:00+00:00,3006.315673828125,3037.196044921875,2938.47265625,2973.6572265625,11791662158,0.0,0.0,ETH-USD
2024-05-09 00:00:00+00:00,2973.9716796875,3057.958251953125,2951.223876953125,3036.0205078125,10861947179,0.0,0.0,ETH-USD
2024-05-10 00:00:00+00:00,3036.231201171875,3052.7294921875,2881.000732421875,2909.791259765625,12278653601,0.0,0.0,ETH-USD
2024-05-11 00:00:00+00:00,2909.845458984375,2942.1787109375,2888.083251953125,2911.60205078125,6795916454,0.0,0.0,ETH-USD
2024-05-12 00:00:00+00:00,2911.658203125,2953.04736328125,2902.201904296875,2928.701904296875,5908941395,0.0,0.0,ETH-USD
2024-05-13 00:00:00+00:00,2928.81396484375,2994.869140625,2865.134521484375,2949.359619140625,13352264795,0.0,0.0,ETH-USD
2024-05-14 00:00:00+00:00,2949.213134765625,2959.546630859375,2863.5458984375,2881.157958984375,12444516140,0.0,0.0,ETH-USD
2024-05-15 00:00:00+00:00,2881.224609375,3041.602294921875,2864.7353515625,3037.056640625,14666902956,0.0,0.0,ETH-USD
2024-05-16 00:00:00+00:00,3036.01416015625,3041.80712890625,2925.08740234375,2945.131103515625,13035465176,0.0,0.0,ETH-USD
2024-05-17 00:00:00+00:00,2945.136962890625,3120.3017578125,2934.112548828125,3094.11865234375,14449438097,0.0,0.0,ETH-USD
2024-05-18 00:00:00+00:00,3094.553466796875,3146.79052734375,3087.704345703125,3122.948974609375,9407051320,0.0,0.0,ETH-USD
2024-05-19 00:00:00+00:00,3122.82470703125,3137.1484375,3056.75439453125,3071.843017578125,8747800800,0.0,0.0,ETH-USD
2024-05-20 00:00:00+00:00,3071.85888671875,3690.805908203125,3050.2978515625,3663.85546875,31228143948,0.0,0.0,ETH-USD
2024-05-21 00:00:00+00:00,3663.01123046875,3837.372802734375,3628.096435546875,3789.312744140625,37643853967,0.0,0.0,ETH-USD
2024-05-22 00:00:00+00:00,3789.372802734375,3810.948486328125,3655.0751953125,3737.2177734375,25155809461,0.0,0.0,ETH-USD
2024-05-23 00:00:00+00:00,3737.178466796875,3943.553955078125,3552.642578125,3776.92724609375,45623656317,0.0,0.0,ETH-USD
2024-05-24 00:00:00+00:00,3776.992431640625,3825.12255859375,3631.990234375,3726.9345703125,22257061429,0.0,0.0,ETH-USD
2024-05-25 00:00:00+00:00,3726.9755859375,3776.006591796875,3710.5283203125,3749.236572265625,10000027764,0.0,0.0,ETH-USD
2024-05-26 00:00:00+00:00,3749.179931640625,3879.470703125,3732.02294921875,3825.8974609375,14650794791,0.0,0.0,ETH-USD
2024-05-27 00:00:00+00:00,3826.127197265625,3973.556396484375,3821.930419921875,3892.0068359375,18949181813,0.0,0.0,ETH-USD
2024-05-28 00:00:00+00:00,3892.096923828125,3924.895751953125,3771.2138671875,3840.25634765625,19846044324,0.0,0.0,ETH-USD
2024-05-29 00:00:00+00:00,3840.235107421875,3880.6484375,3742.041259765625,3763.196533203125,17411416736,0.0,0.0,ETH-USD
2024-05-30 00:00:00+00:00,3763.357666015625,3823.643310546875,3702.263671875,3746.849609375,15065849797,0.0,0.0,ETH-USD
2024-05-31 00:00:00+00:00,3746.861572265625,3843.857666015625,3723.835205078125,3760.026611328125,15290700646,0.0,0.0,ETH-USD
2024-06-01 00:00:00+00:00,3759.88427734375,3829.294677734375,3749.840087890625,3813.198974609375,8661024535,0.0,0.0,ETH-USD
2024-06-02 00:00:00+00:00,3813.275634765625,3834.911865234375,3752.41455078125,3780.89599609375,11126903059,0.0,0.0,ETH-USD
2024-06-03 00:00:00+00:00,3780.854248046875,3848.60302734375,3758.919921875,3766.38916015625,14082454300,0.0,0.0,ETH-USD
2024-06-04 00:00:00+00:00,3766.476318359375,3831.364990234375,3738.13427734375,3812.515869140625,13331489271,0.0,0.0,ETH-USD
2024-06-05 00:00:00+00:00,3812.560791015625,3887.48583984375,3778.65576171875,3864.260986328125,15480034434,0.0,0.0,ETH-USD
2024-06-06 00:00:00+00:00,3864.263427734375,3878.05224609375,3761.775390625,3811.60595703125,13606583873,0.0,0.0,ETH-USD
2024-06-07 00:00:00+00:00,3811.666015625,3838.4521484375,3615.2802734375,3678.629150390625,18220286186,0.0,0.0,ETH-USD
2024-06-08 00:00:00+00:00,3677.400390625,3707.497314453125,3669.637939453125,3680.949951171875,9096091805,0.0,0.0,ETH-USD
2024-06-09 00:00:00+00:00,3680.93603515625,3719.36767578125,3668.12353515625,3705.90380859375,7910768788,0.0,0.0,ETH-USD
2024-06-10 00:00:00+00:00,3705.877197265625,3711.4287109375,3648.16455078125,3666.717529296875,10377300126,0.0,0.0,ETH-USD
2024-06-11 00:00:00+00:00,3666.35888671875,3669.890869140625,3434.7490234375,3498.33056640625,19184721538,0.0,0.0,ETH-USD
2024-06-12 00:00:00+00:00,3497.89697265625,3652.4921875,3463.784912109375,3559.61767578125,17142905351,0.0,0.0,ETH-USD
2024-06-13 00:00:00+00:00,3559.725341796875,3559.725341796875,3431.33349609375,3469.28125,14472382154,0.0,0.0,ETH-USD
2024-06-14 00:00:00+00:00,3467.969970703125,3528.602294921875,3366.223876953125,3480.27197265625,15793876596,0.0,0.0,ETH-USD
2024-06-15 00:00:00+00:00,3479.78564453125,3589.887451171875,3473.45263671875,3565.549560546875,12733651076,0.0,0.0,ETH-USD
2024-06-16 00:00:00+00:00,3566.761962890625,3648.093017578125,3541.534423828125,3620.5634765625,9878388158,0.0,0.0,ETH-USD
2024-06-17 00:00:00+00:00,3622.383544921875,3634.285400390625,3468.14892578125,3511.37890625,17838856988,0.0,0.0,ETH-USD
2024-06-18 00:00:00+00:00,3510.565185546875,3514.17724609375,3371.59033203125,3483.681396484375,21022514455,0.0,0.0,ETH-USD
2024-06-19 00:00:00+00:00,3482.350830078125,3583.320068359375,3466.48095703125,3559.347412109375,15275373778,0.0,0.0,ETH-USD
2024-06-20 00:00:00+00:00,3559.347412109375,3623.886474609375,3485.4599609375,3511.0869140625,16115123753,0.0,0.0,ETH-USD
2024-06-21 00:00:00+00:00,3511.268310546875,3542.957275390625,3447.935546875,3516.07568359375,15933353456,0.0,0.0,ETH-USD
2024-06-22 00:00:00+00:00,3516.55126953125,3519.49755859375,3477.169921875,3494.8134765625,7423703673,0.0,0.0,ETH-USD
2024-06-23 00:00:00+00:00,3494.953857421875,3519.324951171875,3408.5830078125,3418.61181640625,9418141333,0.0,0.0,ETH-USD
2024-06-24 00:00:00+00:00,3418.783203125,3430.698974609375,3244.241455078125,3350.25634765625,23137744903,0.0,0.0,ETH-USD
2024-06-25 00:00:00+00:00,3350.5556640625,3422.21337890625,3335.556884765625,3395.029052734375,13235546063,0.0,0.0,ETH-USD
2024-06-26 00:00:00+00:00,3394.373291015625,3421.509521484375,3328.390625,3369.477294921875,11694054195,0.0,0.0,ETH-USD
2024-06-27 00:00:00+00:00,3368.88623046875,3470.923095703125,3362.2646484375,3444.800537109375,11771834016,0.0,0.0,ETH-USD
2024-06-28 00:00:00+00:00,3445.498779296875,3482.95751953125,3363.4375,3373.635986328125,12861158844,0.0,0.0,ETH-USD
2024-06-29 00:00:00+00:00,3373.68994140625,3401.730224609375,3369.552734375,3372.9677734375,6584792001,0.0,0.0,ETH-USD
2024-06-30 00:00:00+00:00,3373.07568359375,3453.21142578125,3352.284423828125,3432.88916015625,8396416013,0.0,0.0,ETH-USD
2024-07-01 00:00:00+00:00,3432.607421875,3513.310791015625,3425.3232421875,3440.341552734375,12281551839,0.0,0.0,ETH-USD
2024-07-02 00:00:00+00:00,3439.38134765625,3459.761474609375,3399.026123046875,3416.354736328125,9421757718,0.0,0.0,ETH-USD
2024-07-03 00:00:00+00:00,3416.2548828125,3426.332275390625,3254.521240234375,3292.916748046875,16121324440,0.0,0.0,ETH-USD
2024-07-04 00:00:00+00:00,3291.81787109375,3309.20361328125,3054.52197265625,3054.52197265625,20252514386,0.0,0.0,ETH-USD
2024-07-05 00:00:00+00:00,3057.833251953125,3106.152587890625,2826.014404296875,2981.5986328125,31131942647,0.0,0.0,ETH-USD
2024-07-06 00:00:00+00:00,2981.988037109375,3080.107421875,2957.395751953125,3069.3779296875,11586293705,0.0,0.0,ETH-USD
2024-07-07 00:00:00+00:00,3067.405029296875,3072.814453125,2923.959228515625,2929.38720703125,10857947538,0.0,0.0,ETH-USD
2024-07-08 00:00:00+00:00,2929.861572265625,3090.66455078125,2826.481689453125,3018.73193359375,22627377457,0.0,0.0,ETH-USD
2024-07-09 00:00:00+00:00,3018.80322265625,3105.800537109375,3005.522216796875,3064.032958984375,15269945822,0.0,0.0,ETH-USD
2024-07-10 00:00:00+00:00,3066.13720703125,3148.407470703125,3026.6083984375,3102.21875,14578679176,0.0,0.0,ETH-USD
2024-07-11 00:00:00+00:00,3101.335205078125,3208.9384765625,3057.21923828125,3100.330810546875,15230095766,0.0,0.0,ETH-USD
2024-07-12 00:00:00+00:00,3099.989990234375,3154.6015625,3048.508056640625,3134.15869140625,12751638331,0.0,0.0,ETH-USD
2024-07-13 00:00:00+00:00,3134.550537109375,3199.989501953125,3115.080322265625,3177.19873046875,8565105946,0.0,0.0,ETH-USD
2024-07-14 00:00:00+00:00,3176.741455078125,3266.487548828125,3166.43115234375,3244.0791015625,10517709666,0.0,0.0,ETH-USD
2024-07-15 00:00:00+00:00,3246.131591796875,3494.098388671875,3235.776123046875,3489.552734375,18305490390,0.0,0.0,ETH-USD
2024-07-16 00:00:00+00:00,3486.14404296875,3498.218994140625,3351.77978515625,3443.513427734375,20446664416,0.0,0.0,ETH-USD
2024-07-17 00:00:00+00:00,3446.73681640625,3516.104248046875,3379.099609375,3388.75244140625,16739123962,0.0,0.0,ETH-USD
2024-07-18 00:00:00+00:00,3388.030029296875,3488.715576171875,3374.990478515625,3426.258544921875,15035622003,0.0,0.0,ETH-USD
2024-07-19 00:00:00+00:00,3425.90869140625,3540.58837890625,3377.877685546875,3505.73486328125,17705629736,0.0,0.0,ETH-USD
2024-07-20 00:00:00+00:00,3505.721435546875,3539.904296875,3482.489013671875,3519.29541015625,10360198325,0.0,0.0,ETH-USD
2024-07-21 00:00:00+00:00,3519.426513671875,3546.619140625,3415.44384765625,3536.60546875,13845913681,0.0,0.0,ETH-USD
2024-07-22 00:00:00+00:00,3536.627197265625,3560.075439453125,3425.795654296875,3440.419921875,18723199034,0.0,0.0,ETH-USD
2024-07-23 00:00:00+00:00,3440.768310546875,3539.53173828125,3395.4208984375,3481.995849609375,24468405650,0.0,0.0,ETH-USD
2024-07-24 00:00:00+00:00,3482.15185546875,3487.653076171875,3304.039306640625,3336.33935546875,16040945448,0.0,0.0,ETH-USD
2024-07-25 00:00:00+00:00,3336.3623046875,3341.4384765625,3088.764404296875,3174.42724609375,25293745810,0.0,0.0,ETH-USD
2024-07-26 00:00:00+00:00,3174.051025390625,3285.760986328125,3172.777099609375,3275.951416015625,15993893521,0.0,0.0,ETH-USD
2024-07-27 00:00:00+00:00,3275.8916015625,3327.426513671875,3195.356689453125,3247.60791015625,15198233287,0.0,0.0,ETH-USD
2024-07-28 00:00:00+00:00,3247.50732421875,3283.152099609375,3201.76318359375,3271.464599609375,8959236446,0.0,0.0,ETH-USD
2024-07-29 00:00:00+00:00,3271.453369140625,3396.625732421875,3257.715576171875,3320.539306640625,18334852719,0.0,0.0,ETH-USD
2024-07-30 00:00:00+00:00,3320.63525390625,3365.322509765625,3235.760009765625,3278.667724609375,14045773047,0.0,0.0,ETH-USD
2024-07-31 00:00:00+00:00,3278.6865234375,3347.636474609375,3216.07177734375,3231.295654296875,16135380637,0.0,0.0,ETH-USD
2024-08-01 00:00:00+00:00,3231.248779296875,3241.77734375,3078.5439453125,3201.564453125,20217639556,0.0,0.0,ETH-USD
2024-08-02 00:00:00+00:00,3201.599365234375,3214.527099609375,2965.73388671875,2986.01318359375,21400241741,0.0,0.0,ETH-USD
2024-08-03 00:00:00+00:00,2985.950927734375,3015.296142578125,2861.177490234375,2903.3857421875,17844091431,0.0,0.0,ETH-USD
2024-08-04 00:00:00+00:00,2903.088623046875,2931.4716796875,2639.566650390625,2686.39892578125,21139601426,0.0,0.0,ETH-USD
2024-08-05 00:00:00+00:00,2686.027587890625,2695.88671875,2122.546142578125,2417.206298828125,67668132244,0.0,0.0,ETH-USD
2024-08-06 00:00:00+00:00,2417.269775390625,2553.5810546875,2416.527099609375,2458.723876953125,26041995921,0.0,0.0,ETH-USD
2024-08-07 00:00:00+00:00,2458.989013671875,2551.560791015625,2312.168701171875,2336.58935546875,24264218606,0.0,0.0,ETH-USD
2024-08-08 00:00:00+00:00,2336.9150390625,2721.95458984375,2322.529541015625,2683.352783203125,23468291180,0.0,0.0,ETH-USD
2024-08-09 00:00:00+00:00,2683.719970703125,2706.451171875,2555.2294921875,2599.5986328125,17907141655,0.0,0.0,ETH-USD
2024-08-10 00:00:00+00:00,2599.582275390625,2642.92578125,2580.661865234375,2610.02294921875,9361014219,0.0,0.0,ETH-USD
2024-08-11 00:00:00+00:00,2609.9697265625,2718.797607421875,2544.1748046875,2553.252197265625,13595441987,0.0,0.0,ETH-USD
2024-08-12 00:00:00+00:00,2553.49658203125,2749.135009765625,2513.39404296875,2724.431884765625,21653090666,0.0,0.0,ETH-USD
2024-08-13 00:00:00+00:00,2724.303466796875,2737.990478515625,2613.80126953125,2703.671875,16383053029,0.0,0.0,ETH-USD
2024-08-14 00:00:00+00:00,2703.5869140625,2775.281005859375,2636.705322265625,2662.914794921875,15825365408,0.0,0.0,ETH-USD
2024-08-15 00:00:00+00:00,2662.885498046875,2675.314453125,2518.670654296875,2570.087646484375,16345801912,0.0,0.0,ETH-USD
2024-08-16 00:00:00+00:00,2570.085205078125,2629.383544921875,2553.071533203125,2593.1865234375,13275561555,0.0,0.0,ETH-USD
2024-08-17 00:00:00+00:00,2593.1669921875,2626.6728515625,2588.78515625,2614.546875,6676568717,0.0,0.0,ETH-USD
2024-08-18 00:00:00+00:00,2614.109619140625,2684.031005859375,2596.735107421875,2613.357177734375,9207267415,0.0,0.0,ETH-USD
2024-08-19 00:00:00+00:00,2612.718505859375,2648.284423828125,2566.401123046875,2637.306396484375,11968963282,0.0,0.0,ETH-USD
2024-08-20 00:00:00+00:00,2637.306396484375,2695.913818359375,2556.74755859375,2573.10693359375,13249483464,0.0,0.0,ETH-USD
2024-08-21 00:00:00+00:00,2573.10888671875,2662.953369140625,2538.65771484375,2631.3955078125,12766015263,0.0,0.0,ETH-USD
2024-08-22 00:00:00+00:00,2630.8642578125,2644.82373046875,2587.110595703125,2622.951416015625,10723280428,0.0,0.0,ETH-USD
2024-08-23 00:00:00+00:00,2622.916015625,2799.329833984375,2622.5810546875,2764.447021484375,16857181970,0.0,0.0,ETH-USD
2024-08-24 00:00:00+00:00,2765.4814453125,2820.0205078125,2737.776611328125,2769.3896484375,11765811307,0.0,0.0,ETH-USD
2024-08-25 00:00:00+00:00,2769.09814453125,2793.012939453125,2736.0888671875,2749.15771484375,9375535539,0.0,0.0,ETH-USD
2024-08-26 00:00:00+00:00,2749.24755859375,2763.004150390625,2668.88671875,2681.340576171875,12282035835,0.0,0.0,ETH-USD
2024-08-27 00:00:00+00:00,2681.622802734375,2700.15283203125,2401.175048828125,2458.7265625,18028996056,0.0,0.0,ETH-USD
2024-08-28 00:00:00+00:00,2458.90478515625,2553.820068359375,2422.293701171875,2528.41552734375,20359545410,0.0,0.0,ETH-USD
2024-08-29 00:00:00+00:00,2528.3623046875,2595.97705078125,2507.50244140625,2528.792724609375,13946434277,0.0,0.0,ETH-USD
2024-08-30 00:00:00+00:00,2528.732177734375,2539.915283203125,2432.83447265625,2525.822021484375,15526218255,0.0,0.0,ETH-USD
2024-08-31 00:00:00+00:00,2525.859130859375,2532.389892578125,2493.70556640625,2513.393798828125,6646876013,0.0,0.0,ETH-USD
2024-09-01 00:00:00+00:00,2513.42431640625,2515.46728515625,2401.88916015625,2427.90234375,11800443265,0.0,0.0,ETH-USD
2024-09-02 00:00:00+00:00,2427.973388671875,2563.0859375,2426.095947265625,2538.187255859375,12520444224,0.0,0.0,ETH-USD
2024-09-03 00:00:00+00:00,2538.16064453125,2552.802734375,2419.875244140625,2420.603759765625,11406800197,0.0,0.0,ETH-USD
2024-09-04 00:00:00+00:00,2420.1923828125,2488.91650390625,2313.26513671875,2448.97705078125,16709600747,0.0,0.0,ETH-USD
2024-09-05 00:00:00+00:00,2448.98681640625,2465.38525390625,2348.86328125,2367.737548828125,13632325040,0.0,0.0,ETH-USD
2024-09-06 00:00:00+00:00,2367.700927734375,2406.511962890625,2150.86328125,2223.87646484375,25825618367,0.0,0.0,ETH-USD
2024-09-07 00:00:00+00:00,2223.92919921875,2310.19482421875,2222.100830078125,2274.107177734375,11124608320,0.0,0.0,ETH-USD
2024-09-08 00:00:00+00:00,2274.437744140625,2332.359375,2243.911376953125,2297.29296875,10718443487,0.0,0.0,ETH-USD
2024-09-09 00:00:00+00:00,2297.896240234375,2379.78662109375,2274.115478515625,2358.482177734375,15887712451,0.0,0.0,ETH-USD
2024-09-10 00:00:00+00:00,2358.497802734375,2398.50390625,2323.07177734375,2389.5810546875,12795818970,0.0,0.0,ETH-USD
2024-09-11 00:00:00+00:00,2389.603759765625,2389.71826171875,2279.0537109375,2339.841552734375,15355180967,0.0,0.0,ETH-USD
2024-09-12 00:00:00+00:00,2339.8408203125,2390.186767578125,2316.15771484375,2361.78173828125,12162634681,0.0,0.0,ETH-USD
2024-09-13 00:00:00+00:00,2361.740966796875,2462.802978515625,2338.14404296875,2441.607177734375,13759640866,0.0,0.0,ETH-USD
2024-09-14 00:00:00+00:00,2441.580810546875,2442.632080078125,2386.979736328125,2418.595703125,8170291680,0.0,0.0,ETH-USD
2024-09-15 00:00:00+00:00,2418.26611328125,2430.38330078125,2286.628173828125,2320.897216796875,10155470375,0.0,0.0,ETH-USD
2024-09-16 00:00:00+00:00,2320.89453125,2334.789794921875,2253.715087890625,2295.28369140625,16819033263,0.0,0.0,ETH-USD
2024-09-17 00:00:00+00:00,2295.284423828125,2392.149169921875,2263.79296875,2341.707763671875,15356783863,0.0,0.0,ETH-USD
2024-09-18 00:00:00+00:00,2341.73291015625,2369.72900390625,2278.66455078125,2369.72900390625,18159056422,0.0,0.0,ETH-USD
2024-09-19 00:00:00+00:00,2369.374755859375,2492.20458984375,2369.374755859375,2464.752197265625,18437147349,0.0,0.0,ETH-USD
2024-09-20 00:00:00+00:00,2464.7822265625,2571.99267578125,2439.3779296875,2561.072021484375,19112788620,0.0,0.0,ETH-USD
2024-09-21 00:00:00+00:00,2560.879638671875,2621.62255859375,2530.837890625,2615.857177734375,10797825021,0.0,0.0,ETH-USD
2024-09-22 00:00:00+00:00,2615.84814453125,2632.039306640625,2528.522216796875,2582.862548828125,13180663011,0.0,0.0,ETH-USD
2024-09-23 00:00:00+00:00,2582.77490234375,2701.677734375,2541.910400390625,2648.54638671875,19912841456,0.0,0.0,ETH-USD
2024-09-24 00:00:00+00:00,2648.482177734375,2671.27587890625,2593.152099609375,2654.35498046875,16658812503,0.0,0.0,ETH-USD
2024-09-25 00:00:00+00:00,2654.361572265625,2672.4619140625,2557.724365234375,2579.388671875,14119729962,0.0,0.0,ETH-USD
2024-09-26 00:00:00+00:00,2579.217529296875,2665.99267578125,2559.954345703125,2632.199951171875,17336033595,0.0,0.0,ETH-USD
2024-09-27 00:00:00+00:00,2632.241943359375,2728.067626953125,2616.950927734375,2695.900634765625,17023020294,0.0,0.0,ETH-USD
2024-09-28 00:00:00+00:00,2695.81591796875,2704.9287109375,2652.25048828125,2677.5390625,10252590559,0.0,0.0,ETH-USD
2024-09-29 00:00:00+00:00,2677.628662109375,2683.44580078125,2635.5849609375,2659.346923828125,11126215671,0.0,0.0,ETH-USD
2024-09-30 00:00:00+00:00,2659.292724609375,2662.489013671875,2576.97607421875,2603.062744140625,17826446789,0.0,0.0,ETH-USD
2024-10-01 00:00:00+00:00,2603.26416015625,2657.615478515625,2415.07861328125,2448.921142578125,25482371785,0.0,0.0,ETH-USD
2024-10-02 00:00:00+00:00,2448.877197265625,2498.121337890625,2354.539306640625,2365.231689453125,20148256472,0.0,0.0,ETH-USD
2024-10-03 00:00:00+00:00,2365.213623046875,2402.862548828125,2311.02783203125,2349.791259765625,18051447791,0.0,0.0,ETH-USD
2024-10-04 00:00:00+00:00,2349.73291015625,2440.242431640625,2339.870849609375,2414.7939453125,14879264082,0.0,0.0,ETH-USD
2024-10-05 00:00:00+00:00,2414.84716796875,2427.517578125,2390.844482421875,2415.6318359375,8152969183,0.0,0.0,ETH-USD
2024-10-06 00:00:00+00:00,2415.53173828125,2456.630615234375,2407.099365234375,2439.957763671875,8458690205,0.0,0.0,ETH-USD
2024-10-07 00:00:00+00:00,2439.94482421875,2520.40625,2405.13427734375,2421.796630859375,17414044416,0.0,0.0,ETH-USD
2024-10-08 00:00:00+00:00,2421.98095703125,2464.12744140625,2400.5107421875,2439.8408203125,14067361080,0.0,0.0,ETH-USD
2024-10-09 00:00:00+00:00,2439.840087890625,2470.9130859375,2350.946533203125,2368.283447265625,14954047093,0.0,0.0,ETH-USD
2024-10-10 00:00:00+00:00,2368.273193359375,2417.2880859375,2329.78466796875,2383.85791015625,15327769940,0.0,0.0,ETH-USD
2024-10-11 00:00:00+00:00,2383.940185546875,2470.395751953125,2380.504638671875,2436.513427734375,13489061564,0.0,0.0,ETH-USD
2024-10-12 00:00:00+00:00,2436.515625,2488.23779296875,2434.202880859375,2476.523193359375,9372169184,0.0,0.0,ETH-USD
2024-10-13 00:00:00+00:00,2476.520263671875,2484.12939453125,2436.9697265625,2467.677001953125,9189490605,0.0,0.0,ETH-USD
2024-10-14 00:00:00+00:00,2467.6474609375,2652.8818359375,2443.552978515625,2628.89990234375,21434687898,0.0,0.0,ETH-USD
2024-10-15 00:00:00+00:00,2629.017578125,2685.166748046875,2537.94091796875,2606.02197265625,22003780898,0.0,0.0,ETH-USD
2024-10-16 00:00:00+00:00,2606.01953125,2644.854248046875,2589.60693359375,2611.10205078125,17012396419,0.0,0.0,ETH-USD
2024-10-17 00:00:00+00:00,2611.192138671875,2646.8740234375,2577.305908203125,2604.2734375,15150712321,0.0,0.0,ETH-USD
2024-10-18 00:00:00+00:00,2604.814453125,2674.371826171875,2595.958984375,2641.55224609375,17043738652,0.0,0.0,ETH-USD
2024-10-19 00:00:00+00:00,2641.48828125,2661.872802734375,2631.656982421875,2648.656982421875,8557834553,0.0,0.0,ETH-USD
2024-10-20 00:00:00+00:00,2648.665771484375,2756.436767578125,2635.94580078125,2746.364013671875,14559296242,0.0,0.0,ETH-USD
2024-10-21 00:00:00+00:00,2746.3056640625,2765.549560546875,2655.29443359375,2665.712158203125,17328615363,0.0,0.0,ETH-USD
2024-10-22 00:00:00+00:00,2665.65673828125,2669.7900390625,2605.61865234375,2620.197509765625,15541911074,0.0,0.0,ETH-USD
2024-10-23 00:00:00+00:00,2620.088623046875,2624.450439453125,2457.169921875,2509.098876953125,17876984551,0.0,0.0,ETH-USD
2024-10-24 00:00:00+00:00,2523.60693359375,2559.1513671875,2506.722900390625,2534.49853515625,16128627601,0.0,0.0,ETH-USD
2024-10-25 00:00:00+00:00,2534.454833984375,2563.734130859375,2381.45068359375,2435.93408203125,22560233078,0.0,0.0,ETH-USD
2024-10-26 00:00:00+00:00,2436.050048828125,2503.23046875,2427.46142578125,2479.603271484375,13597102184,0.0,0.0,ETH-USD
2024-10-27 00:00:00+00:00,2479.93701171875,2523.17138671875,2462.27197265625,2505.940673828125,9801434566,0.0,0.0,ETH-USD
2024-10-28 00:00:00+00:00,2505.590576171875,2587.43017578125,2470.268310546875,2565.34814453125,18971841402,0.0,0.0,ETH-USD
2024-10-29 00:00:00+00:00,2565.41796875,2680.054443359375,2560.15380859375,2637.95751953125,22185845095,0.0,0.0,ETH-USD
2024-10-30 00:00:00+00:00,2637.64013671875,2720.271484375,2600.609619140625,2657.37255859375,22382690746,0.0,0.0,ETH-USD
2024-10-31 00:00:00+00:00,2657.213134765625,2667.5595703125,2501.572265625,2515.79931640625,19760409505,0.0,0.0,ETH-USD
2024-11-01 00:00:00+00:00,2515.870361328125,2583.777099609375,2467.8193359375,2511.885498046875,20215438328,0.0,0.0,ETH-USD
2024-11-02 00:00:00+00:00,2512.208251953125,2522.360595703125,2471.95556640625,2491.068603515625,9639457439,0.0,0.0,ETH-USD
2024-11-03 00:00:00+00:00,2491.094482421875,2495.4365234375,2411.3984375,2456.42529296875,15667779706,0.0,0.0,ETH-USD
2024-11-04 00:00:00+00:00,2456.09521484375,2488.350341796875,2359.578125,2397.0263671875,17110200696,0.0,0.0,ETH-USD
2024-11-05 00:00:00+00:00,2397.036376953125,2478.618896484375,2380.601318359375,2422.650634765625,17894057485,0.0,0.0,ETH-USD
2024-11-06 00:00:00+00:00,2422.539306640625,2743.964111328125,2421.81298828125,2724.169189453125,41887574364,0.0,0.0,ETH-USD
2024-11-07 00:00:00+00:00,2724.005859375,2918.744384765625,2701.5908203125,2895.58544921875,35352318438,0.0,0.0,ETH-USD
2024-11-08 00:00:00+00:00,2895.597900390625,2983.744873046875,2889.484375,2962.296630859375,32303261101,0.0,0.0,ETH-USD
2024-11-09 00:00:00+00:00,2962.791015625,3156.3662109375,2957.182373046875,3131.14453125,29210133088,0.0,0.0,ETH-USD
2024-11-10 00:00:00+00:00,3130.729248046875,3249.9140625,3073.248779296875,3191.331298828125,47418730187,0.0,0.0,ETH-USD
2024-11-11 00:00:00+00:00,3191.656982421875,3389.529296875,3109.76953125,3374.81298828125,55417771668,0.0,0.0,ETH-USD
2024-11-12 00:00:00+00:00,3375.15478515625,3444.154052734375,3211.198486328125,3246.25732421875,56686078066,0.0,0.0,ETH-USD
2024-11-13 00:00:00+00:00,3244.543212890625,3337.877197265625,3121.666015625,3192.595947265625,52010205682,0.0,0.0,ETH-USD
2024-11-14 00:00:00+00:00,3192.5205078125,3240.270751953125,3032.971923828125,3058.94873046875,35743352141,0.0,0.0,ETH-USD
2024-11-15 00:00:00+00:00,3059.526123046875,3130.703857421875,3016.14404296875,3103.04052734375,32701369872,0.0,0.0,ETH-USD
2024-11-16 00:00:00+00:00,3089.739990234375,3218.089599609375,3073.286376953125,3133.27392578125,26650658846,0.0,0.0,ETH-USD
2024-11-17 00:00:00+00:00,3133.306640625,3160.152587890625,3039.246826171875,3075.66162109375,28348163224,0.0,0.0,ETH-USD
2024-11-18 00:00:00+00:00,3075.722900390625,3225.130615234375,3052.4912109375,3207.8564453125,35445557613,0.0,0.0,ETH-USD
2024-11-19 00:00:00+00:00,3208.25048828125,3222.00439453125,3070.36279296875,3111.384033203125,29823634432,0.0,0.0,ETH-USD
2024-11-20 00:00:00+00:00,3111.116943359375,3159.949462890625,3032.603271484375,3072.18798828125,29785491216,0.0,0.0,ETH-USD
2024-11-21 00:00:00+00:00,3072.05517578125,3388.54296875,3035.8466796875,3361.053955078125,51619069348,0.0,0.0,ETH-USD
2024-11-22 00:00:00+00:00,3360.654296875,3428.46044921875,3262.808837890625,3331.600830078125,36775716442,0.0,0.0,ETH-USD
2024-11-23 00:00:00+00:00,3331.6455078125,3499.370849609375,3317.65478515625,3396.223388671875,38835184688,0.0,0.0,ETH-USD
2024-11-24 00:00:00+00:00,3396.99951171875,3451.80224609375,3288.430908203125,3363.659912109375,27901454185,0.0,0.0,ETH-USD
2024-11-25 00:00:00+00:00,3364.6015625,3545.27880859375,3304.093994140625,3413.5439453125,51544793988,0.0,0.0,ETH-USD
2024-11-26 00:00:00+00:00,3412.950927734375,3461.29296875,3255.54296875,3326.517333984375,39902959158,0.0,0.0,ETH-USD
2024-11-27 00:00:00+00:00,3326.029052734375,3687.009033203125,3303.56787109375,3657.249267578125,43383987191,0.0,0.0,ETH-USD
2024-11-28 00:00:00+00:00,3656.609619140625,3664.878173828125,3531.87060546875,3579.8115234375,32362724276,0.0,0.0,ETH-USD
2024-11-29 00:00:00+00:00,3579.91064453125,3647.264404296875,3538.44677734375,3593.494384765625,27622629486,0.0,0.0,ETH-USD
2024-11-30 00:00:00+00:00,3593.59814453125,3739.934814453125,3572.254150390625,3705.705322265625,30670867436,0.0,0.0,ETH-USD
2024-12-01 00:00:00+00:00,3706.619873046875,3747.455322265625,3663.234130859375,3711.1650390625,28018113530,0.0,0.0,ETH-USD
2024-12-02 00:00:00+00:00,3710.495361328125,3761.343017578125,3557.252197265625,3644.198486328125,47284967570,0.0,0.0,ETH-USD
2024-12-03 00:00:00+00:00,3643.7421875,3670.2197265625,3504.226318359375,3620.711669921875,36839829742,0.0,0.0,ETH-USD
2024-12-04 00:00:00+00:00,3620.03759765625,3895.17431640625,3617.74462890625,3841.3310546875,56799745752,0.0,0.0,ETH-USD
2024-12-05 00:00:00+00:00,3840.844482421875,3956.54150390625,3683.4208984375,3811.00830078125,60568296606,0.0,0.0,ETH-USD
2024-12-06 00:00:00+00:00,3792.20849609375,4093.172119140625,3782.681396484375,4005.810546875,52853668566,0.0,0.0,ETH-USD
2024-12-07 00:00:00+00:00,4006.02880859375,4029.452880859375,3974.17626953125,4002.692626953125,22574636761,0.0,0.0,ETH-USD
2024-12-08 00:00:00+00:00,4007.690673828125,4018.0,3927.85400390625,4005.70458984375,20943378971,0.0,0.0,ETH-USD
2024-12-09 00:00:00+00:00,4006.101806640625,4008.77783203125,3525.23291015625,3718.6904296875,57029832059,0.0,0.0,ETH-USD
2024-12-10 00:00:00+00:00,3719.00048828125,3780.75341796875,3520.365234375,3631.833740234375,58416417599,0.0,0.0,ETH-USD
2024-12-11 00:00:00+00:00,3631.276123046875,3850.765380859375,3567.56640625,3832.822021484375,35968053196,0.0,0.0,ETH-USD
